era,cagr
pre_industrial,-0.0022557651402067558
transition,-0.004964884766974542
early_industrial,0.029100945763943065
late_industrial,0.07022971662247302
