label,n_items,n_agree,agree_rate,field
english,1740,1528,0.8781609195402299,language
latin,467,162,0.3468950749464668,language
mixed,588,245,0.4166666666666667,language
