unit,n_units,k,silhouette,embedding
year,196,2,0.006573848773228693,tfidf_svd
page,1580,12,-0.028779324705144497,tfidf_svd
