header_direction,n_rows,agree_rate
expenditure,13461,0.9993314018275017
income,9402,0.996277387789832
OVERALL,22863,0.9980754931548791
